pedido_id,cliente_id,data_pedido,status,item_id,produto_id,quantidade,nome,categoria,preco,faturamento
1,85,2026-01-01 11:16:52.661146,Cancelado,287,29,2,Produto_29,Acessórios,168,336
1,85,2026-01-01 11:16:52.661146,Cancelado,344,19,1,Produto_19,Calçados,168,168
1,85,2026-01-01 11:16:52.661146,Cancelado,402,14,1,Produto_14,Acessórios,231,231
2,10,2025-06-23 11:16:52.661163,Cancelado,59,32,4,Produto_32,Acessórios,318,1272
2,10,2025-06-23 11:16:52.661163,Cancelado,333,33,4,Produto_33,Roupas,120,480
2,10,2025-06-23 11:16:52.661163,Cancelado,480,31,5,Produto_31,Calçados,108,540
3,14,2025-09-26 11:16:52.661172,Em transporte,95,47,5,Produto_47,Acessórios,318,1590
3,14,2025-09-26 11:16:52.661172,Em transporte,159,20,3,Produto_20,Acessórios,107,321
3,14,2025-09-26 11:16:52.661172,Em transporte,172,32,5,Produto_32,Acessórios,318,1590
3,14,2025-09-26 11:16:52.661172,Em transporte,446,39,3,Produto_39,Acessórios,492,1476
3,14,2025-09-26 11:16:52.661172,Em transporte,457,22,3,Produto_22,Acessórios,435,1305
4,96,2025-12-27 11:16:52.661180,Cancelado,127,34,2,Produto_34,Roupas,240,480
4,96,2025-12-27 11:16:52.661180,Cancelado,413,17,2,Produto_17,Acessórios,421,842
5,83,2025-11-21 11:16:52.661187,Entregue,164,48,3,Produto_48,Acessórios,251,753
5,83,2025-11-21 11:16:52.661187,Entregue,282,2,4,Produto_2,Acessórios,443,1772
6,38,2025-07-16 11:16:52.661194,Entregue,229,48,1,Produto_48,Acessórios,251,251
6,38,2025-07-16 11:16:52.661194,Entregue,312,9,5,Produto_9,Calçados,379,1895
6,38,2025-07-16 11:16:52.661194,Entregue,407,0,2,Produto_0,Roupas,492,984
7,14,2026-01-28 11:16:52.661200,Entregue,308,22,1,Produto_22,Acessórios,435,435
7,14,2026-01-28 11:16:52.661200,Entregue,338,9,2,Produto_9,Calçados,379,758
7,14,2026-01-28 11:16:52.661200,Entregue,396,28,3,Produto_28,Acessórios,263,789
8,33,2025-03-26 11:16:52.661205,Em transporte,165,42,2,Produto_42,Acessórios,303,606
8,33,2025-03-26 11:16:52.661205,Em transporte,373,23,1,Produto_23,Acessórios,71,71
9,87,2025-06-12 11:16:52.661213,Em transporte,21,48,4,Produto_48,Acessórios,251,1004
9,87,2025-06-12 11:16:52.661213,Em transporte,155,5,1,Produto_5,Calçados,253,253
10,37,2025-09-07 11:16:52.661219,Entregue,145,24,5,Produto_24,Calçados,212,1060
10,37,2025-09-07 11:16:52.661219,Entregue,293,23,5,Produto_23,Acessórios,71,355
10,37,2025-09-07 11:16:52.661219,Entregue,379,29,2,Produto_29,Acessórios,168,336
10,37,2025-09-07 11:16:52.661219,Entregue,421,30,2,Produto_30,Roupas,179,358
10,37,2025-09-07 11:16:52.661219,Entregue,485,10,5,Produto_10,Roupas,224,1120
11,59,2025-10-31 11:16:52.661225,Cancelado,300,31,5,Produto_31,Calçados,108,540
12,34,2026-02-19 11:16:52.661231,Cancelado,280,47,1,Produto_47,Acessórios,318,318
12,34,2026-02-19 11:16:52.661231,Cancelado,316,43,5,Produto_43,Acessórios,333,1665
13,69,2026-01-07 11:16:52.661237,Em transporte,29,18,2,Produto_18,Roupas,396,792
13,69,2026-01-07 11:16:52.661237,Em transporte,36,8,5,Produto_8,Acessórios,335,1675
14,43,2025-07-29 11:16:52.661242,Entregue,105,45,2,Produto_45,Acessórios,201,402
14,43,2025-07-29 11:16:52.661242,Entregue,220,15,2,Produto_15,Acessórios,455,910
15,97,2026-01-11 11:16:52.661249,Entregue,202,18,4,Produto_18,Roupas,396,1584
15,97,2026-01-11 11:16:52.661249,Entregue,266,20,4,Produto_20,Acessórios,107,428
16,17,2025-08-19 11:16:52.661255,Entregue,7,5,3,Produto_5,Calçados,253,759
17,90,2025-09-27 11:16:52.661261,Em transporte,45,40,5,Produto_40,Calçados,208,1040
17,90,2025-09-27 11:16:52.661261,Em transporte,75,35,3,Produto_35,Roupas,104,312
18,55,2026-02-25 11:16:52.661267,Em transporte,10,7,5,Produto_7,Calçados,356,1780
18,55,2026-02-25 11:16:52.661267,Em transporte,26,32,3,Produto_32,Acessórios,318,954
18,55,2026-02-25 11:16:52.661267,Em transporte,372,25,4,Produto_25,Calçados,498,1992
19,25,2025-03-31 11:16:52.661273,Em transporte,8,38,4,Produto_38,Calçados,344,1376
19,25,2025-03-31 11:16:52.661273,Em transporte,104,31,5,Produto_31,Calçados,108,540
19,25,2025-03-31 11:16:52.661273,Em transporte,207,11,5,Produto_11,Calçados,188,940
19,25,2025-03-31 11:16:52.661273,Em transporte,430,45,5,Produto_45,Acessórios,201,1005
20,52,2025-08-08 11:16:52.661279,Entregue,453,8,1,Produto_8,Acessórios,335,335
21,88,2025-11-24 11:16:52.661285,Em transporte,221,3,3,Produto_3,Acessórios,458,1374
22,45,2025-05-26 11:16:52.661290,Cancelado,180,48,4,Produto_48,Acessórios,251,1004
22,45,2025-05-26 11:16:52.661290,Cancelado,464,17,4,Produto_17,Acessórios,421,1684
23,73,2026-01-08 11:16:52.661296,Em transporte,37,31,3,Produto_31,Calçados,108,324
23,73,2026-01-08 11:16:52.661296,Em transporte,197,26,4,Produto_26,Calçados,331,1324
24,95,2025-04-30 11:16:52.661311,Em transporte,79,35,1,Produto_35,Roupas,104,104
24,95,2025-04-30 11:16:52.661311,Em transporte,108,5,1,Produto_5,Calçados,253,253
24,95,2025-04-30 11:16:52.661311,Em transporte,262,8,1,Produto_8,Acessórios,335,335
24,95,2025-04-30 11:16:52.661311,Em transporte,369,49,5,Produto_49,Calçados,150,750
24,95,2025-04-30 11:16:52.661311,Em transporte,461,7,2,Produto_7,Calçados,356,712
25,31,2025-05-22 11:16:52.661318,Cancelado,156,44,5,Produto_44,Acessórios,394,1970
25,31,2025-05-22 11:16:52.661318,Cancelado,427,9,3,Produto_9,Calçados,379,1137
25,31,2025-05-22 11:16:52.661318,Cancelado,467,32,4,Produto_32,Acessórios,318,1272
26,20,2025-06-04 11:16:52.661330,Entregue,113,49,3,Produto_49,Calçados,150,450
26,20,2025-06-04 11:16:52.661330,Entregue,321,16,5,Produto_16,Calçados,269,1345
27,75,2025-07-28 11:16:52.661336,Entregue,213,19,2,Produto_19,Calçados,168,336
27,75,2025-07-28 11:16:52.661336,Entregue,234,1,3,Produto_1,Roupas,465,1395
27,75,2025-07-28 11:16:52.661336,Entregue,347,0,5,Produto_0,Roupas,492,2460
27,75,2025-07-28 11:16:52.661336,Entregue,393,27,3,Produto_27,Roupas,170,510
27,75,2025-07-28 11:16:52.661336,Entregue,493,7,1,Produto_7,Calçados,356,356
28,48,2025-03-28 11:16:52.661343,Cancelado,168,21,5,Produto_21,Calçados,186,930
28,48,2025-03-28 11:16:52.661343,Cancelado,208,3,3,Produto_3,Acessórios,458,1374
28,48,2025-03-28 11:16:52.661343,Cancelado,217,28,4,Produto_28,Acessórios,263,1052
28,48,2025-03-28 11:16:52.661343,Cancelado,269,31,3,Produto_31,Calçados,108,324
30,38,2025-06-01 11:16:52.661354,Em transporte,290,40,5,Produto_40,Calçados,208,1040
30,38,2025-06-01 11:16:52.661354,Em transporte,311,37,2,Produto_37,Acessórios,52,104
31,19,2025-12-03 11:16:52.661361,Entregue,150,14,3,Produto_14,Acessórios,231,693
31,19,2025-12-03 11:16:52.661361,Entregue,310,30,4,Produto_30,Roupas,179,716
32,17,2026-01-30 11:16:52.661366,Entregue,55,26,1,Produto_26,Calçados,331,331
32,17,2026-01-30 11:16:52.661366,Entregue,84,31,3,Produto_31,Calçados,108,324
32,17,2026-01-30 11:16:52.661366,Entregue,283,44,3,Produto_44,Acessórios,394,1182
33,40,2025-08-29 11:16:52.661373,Em transporte,13,32,2,Produto_32,Acessórios,318,636
33,40,2025-08-29 11:16:52.661373,Em transporte,46,41,1,Produto_41,Roupas,280,280
33,40,2025-08-29 11:16:52.661373,Em transporte,174,31,4,Produto_31,Calçados,108,432
33,40,2025-08-29 11:16:52.661373,Em transporte,415,16,4,Produto_16,Calçados,269,1076
33,40,2025-08-29 11:16:52.661373,Em transporte,437,5,1,Produto_5,Calçados,253,253
34,62,2026-02-20 11:16:52.661379,Cancelado,65,37,1,Produto_37,Acessórios,52,52
34,62,2026-02-20 11:16:52.661379,Cancelado,289,2,4,Produto_2,Acessórios,443,1772
35,88,2026-01-16 11:16:52.661384,Entregue,98,1,2,Produto_1,Roupas,465,930
36,70,2025-07-04 11:16:52.661390,Entregue,274,10,3,Produto_10,Roupas,224,672
36,70,2025-07-04 11:16:52.661390,Entregue,465,31,4,Produto_31,Calçados,108,432
36,70,2025-07-04 11:16:52.661390,Entregue,472,6,3,Produto_6,Acessórios,327,981
37,4,2025-03-25 11:16:52.661396,Em transporte,63,3,4,Produto_3,Acessórios,458,1832
37,4,2025-03-25 11:16:52.661396,Em transporte,82,18,4,Produto_18,Roupas,396,1584
37,4,2025-03-25 11:16:52.661396,Em transporte,358,17,2,Produto_17,Acessórios,421,842
37,4,2025-03-25 11:16:52.661396,Em transporte,361,48,2,Produto_48,Acessórios,251,502
37,4,2025-03-25 11:16:52.661396,Em transporte,486,2,4,Produto_2,Acessórios,443,1772
38,21,2025-05-19 11:16:52.661401,Entregue,41,19,5,Produto_19,Calçados,168,840
38,21,2025-05-19 11:16:52.661401,Entregue,42,26,4,Produto_26,Calçados,331,1324
38,21,2025-05-19 11:16:52.661401,Entregue,224,41,1,Produto_41,Roupas,280,280
39,17,2025-06-21 11:16:52.661407,Cancelado,329,21,3,Produto_21,Calçados,186,558
39,17,2025-06-21 11:16:52.661407,Cancelado,339,29,3,Produto_29,Acessórios,168,504
39,17,2025-06-21 11:16:52.661407,Cancelado,450,36,4,Produto_36,Calçados,367,1468
41,49,2026-01-05 11:16:52.661418,Em transporte,250,31,1,Produto_31,Calçados,108,108
41,49,2026-01-05 11:16:52.661418,Em transporte,295,47,2,Produto_47,Acessórios,318,636
41,49,2026-01-05 11:16:52.661418,Em transporte,351,8,3,Produto_8,Acessórios,335,1005
41,49,2026-01-05 11:16:52.661418,Em transporte,357,48,3,Produto_48,Acessórios,251,753
42,97,2025-07-01 11:16:52.661424,Cancelado,73,34,5,Produto_34,Roupas,240,1200
42,97,2025-07-01 11:16:52.661424,Cancelado,332,19,1,Produto_19,Calçados,168,168
42,97,2025-07-01 11:16:52.661424,Cancelado,362,8,2,Produto_8,Acessórios,335,670
43,83,2025-10-19 11:16:52.661430,Em transporte,62,33,5,Produto_33,Roupas,120,600
43,83,2025-10-19 11:16:52.661430,Em transporte,69,8,1,Produto_8,Acessórios,335,335
43,83,2025-10-19 11:16:52.661430,Em transporte,110,30,5,Produto_30,Roupas,179,895
43,83,2025-10-19 11:16:52.661430,Em transporte,129,5,4,Produto_5,Calçados,253,1012
43,83,2025-10-19 11:16:52.661430,Em transporte,334,15,1,Produto_15,Acessórios,455,455
43,83,2025-10-19 11:16:52.661430,Em transporte,371,0,4,Produto_0,Roupas,492,1968
44,28,2026-03-20 11:16:52.661436,Entregue,144,47,4,Produto_47,Acessórios,318,1272
44,28,2026-03-20 11:16:52.661436,Entregue,240,22,4,Produto_22,Acessórios,435,1740
44,28,2026-03-20 11:16:52.661436,Entregue,255,18,3,Produto_18,Roupas,396,1188
46,0,2025-04-07 11:16:52.661447,Cancelado,78,7,2,Produto_7,Calçados,356,712
46,0,2025-04-07 11:16:52.661447,Cancelado,139,49,1,Produto_49,Calçados,150,150
46,0,2025-04-07 11:16:52.661447,Cancelado,279,8,5,Produto_8,Acessórios,335,1675
47,77,2025-10-13 11:16:52.661453,Cancelado,128,42,3,Produto_42,Acessórios,303,909
47,77,2025-10-13 11:16:52.661453,Cancelado,178,3,1,Produto_3,Acessórios,458,458
48,33,2025-04-27 11:16:52.661458,Em transporte,93,28,3,Produto_28,Acessórios,263,789
48,33,2025-04-27 11:16:52.661458,Em transporte,460,43,2,Produto_43,Acessórios,333,666
48,33,2025-04-27 11:16:52.661458,Em transporte,462,28,4,Produto_28,Acessórios,263,1052
48,33,2025-04-27 11:16:52.661458,Em transporte,474,13,2,Produto_13,Acessórios,185,370
49,6,2026-02-20 11:16:52.661464,Entregue,257,39,5,Produto_39,Acessórios,492,2460
49,6,2026-02-20 11:16:52.661464,Entregue,273,47,4,Produto_47,Acessórios,318,1272
49,6,2026-02-20 11:16:52.661464,Entregue,499,2,5,Produto_2,Acessórios,443,2215
50,9,2025-05-10 11:16:52.661470,Em transporte,182,38,4,Produto_38,Calçados,344,1376
50,9,2025-05-10 11:16:52.661470,Em transporte,292,1,5,Produto_1,Roupas,465,2325
50,9,2025-05-10 11:16:52.661470,Em transporte,442,28,4,Produto_28,Acessórios,263,1052
51,36,2025-08-14 11:16:52.661475,Entregue,356,46,2,Produto_46,Roupas,152,304
51,36,2025-08-14 11:16:52.661475,Entregue,436,10,1,Produto_10,Roupas,224,224
51,36,2025-08-14 11:16:52.661475,Entregue,458,23,5,Produto_23,Acessórios,71,355
51,36,2025-08-14 11:16:52.661475,Entregue,466,47,4,Produto_47,Acessórios,318,1272
52,0,2025-12-13 11:16:52.661481,Em transporte,375,26,4,Produto_26,Calçados,331,1324
53,12,2025-08-12 11:16:52.661492,Cancelado,64,15,2,Produto_15,Acessórios,455,910
55,93,2025-07-30 11:16:52.661505,Cancelado,440,11,1,Produto_11,Calçados,188,188
55,93,2025-07-30 11:16:52.661505,Cancelado,456,21,5,Produto_21,Calçados,186,930
56,50,2025-11-10 11:16:52.661510,Em transporte,121,49,3,Produto_49,Calçados,150,450
56,50,2025-11-10 11:16:52.661510,Em transporte,367,30,2,Produto_30,Roupas,179,358
56,50,2025-11-10 11:16:52.661510,Em transporte,477,42,3,Produto_42,Acessórios,303,909
57,56,2025-08-03 11:16:52.661516,Entregue,215,33,4,Produto_33,Roupas,120,480
58,16,2025-09-28 11:16:52.661527,Cancelado,132,21,1,Produto_21,Calçados,186,186
58,16,2025-09-28 11:16:52.661527,Cancelado,327,20,4,Produto_20,Acessórios,107,428
58,16,2025-09-28 11:16:52.661527,Cancelado,481,30,1,Produto_30,Roupas,179,179
59,18,2025-05-08 11:16:52.661533,Em transporte,149,24,2,Produto_24,Calçados,212,424
59,18,2025-05-08 11:16:52.661533,Em transporte,201,44,5,Produto_44,Acessórios,394,1970
59,18,2025-05-08 11:16:52.661533,Em transporte,235,44,2,Produto_44,Acessórios,394,788
59,18,2025-05-08 11:16:52.661533,Em transporte,247,0,2,Produto_0,Roupas,492,984
59,18,2025-05-08 11:16:52.661533,Em transporte,323,27,4,Produto_27,Roupas,170,680
59,18,2025-05-08 11:16:52.661533,Em transporte,326,36,1,Produto_36,Calçados,367,367
60,48,2025-11-22 11:16:52.661539,Entregue,434,20,2,Produto_20,Acessórios,107,214
61,37,2026-01-15 11:16:52.661545,Entregue,54,9,2,Produto_9,Calçados,379,758
61,37,2026-01-15 11:16:52.661545,Entregue,61,33,5,Produto_33,Roupas,120,600
61,37,2026-01-15 11:16:52.661545,Entregue,335,0,1,Produto_0,Roupas,492,492
61,37,2026-01-15 11:16:52.661545,Entregue,405,17,2,Produto_17,Acessórios,421,842
61,37,2026-01-15 11:16:52.661545,Entregue,419,33,5,Produto_33,Roupas,120,600
62,83,2025-07-08 11:16:52.661551,Entregue,359,13,4,Produto_13,Acessórios,185,740
63,99,2025-04-12 11:16:52.661557,Em transporte,20,16,5,Produto_16,Calçados,269,1345
63,99,2025-04-12 11:16:52.661557,Em transporte,60,33,5,Produto_33,Roupas,120,600
63,99,2025-04-12 11:16:52.661557,Em transporte,246,30,2,Produto_30,Roupas,179,358
63,99,2025-04-12 11:16:52.661557,Em transporte,313,35,2,Produto_35,Roupas,104,208
63,99,2025-04-12 11:16:52.661557,Em transporte,473,25,2,Produto_25,Calçados,498,996
64,75,2025-09-30 11:16:52.661562,Cancelado,192,49,1,Produto_49,Calçados,150,150
64,75,2025-09-30 11:16:52.661562,Cancelado,267,42,5,Produto_42,Acessórios,303,1515
64,75,2025-09-30 11:16:52.661562,Cancelado,297,6,5,Produto_6,Acessórios,327,1635
65,34,2026-03-23 11:16:52.661569,Entregue,131,2,1,Produto_2,Acessórios,443,443
65,34,2026-03-23 11:16:52.661569,Entregue,134,19,3,Produto_19,Calçados,168,504
66,56,2025-07-23 11:16:52.661575,Cancelado,70,49,4,Produto_49,Calçados,150,600
66,56,2025-07-23 11:16:52.661575,Cancelado,191,48,3,Produto_48,Acessórios,251,753
67,77,2025-04-29 11:16:52.661580,Entregue,348,18,3,Produto_18,Roupas,396,1188
68,67,2025-07-10 11:16:52.661586,Cancelado,52,2,5,Produto_2,Acessórios,443,2215
69,76,2025-08-06 11:16:52.661596,Entregue,253,1,3,Produto_1,Roupas,465,1395
69,76,2025-08-06 11:16:52.661596,Entregue,263,12,2,Produto_12,Calçados,92,184
69,76,2025-08-06 11:16:52.661596,Entregue,276,6,5,Produto_6,Acessórios,327,1635
69,76,2025-08-06 11:16:52.661596,Entregue,354,40,4,Produto_40,Calçados,208,832
70,87,2025-09-26 11:16:52.661603,Entregue,17,26,2,Produto_26,Calçados,331,662
70,87,2025-09-26 11:16:52.661603,Entregue,318,1,2,Produto_1,Roupas,465,930
70,87,2025-09-26 11:16:52.661603,Entregue,439,9,3,Produto_9,Calçados,379,1137
71,52,2025-03-24 11:16:52.661609,Cancelado,352,19,1,Produto_19,Calçados,168,168
72,49,2025-06-20 11:16:52.661615,Cancelado,76,34,5,Produto_34,Roupas,240,1200
72,49,2025-06-20 11:16:52.661615,Cancelado,381,31,5,Produto_31,Calçados,108,540
72,49,2025-06-20 11:16:52.661615,Cancelado,495,18,1,Produto_18,Roupas,396,396
74,67,2025-08-27 11:16:52.661628,Em transporte,88,10,5,Produto_10,Roupas,224,1120
74,67,2025-08-27 11:16:52.661628,Em transporte,102,22,2,Produto_22,Acessórios,435,870
74,67,2025-08-27 11:16:52.661628,Em transporte,378,39,1,Produto_39,Acessórios,492,492
75,95,2025-05-25 11:16:52.661634,Em transporte,11,16,2,Produto_16,Calçados,269,538
75,95,2025-05-25 11:16:52.661634,Em transporte,53,11,4,Produto_11,Calçados,188,752
75,95,2025-05-25 11:16:52.661634,Em transporte,99,39,3,Produto_39,Acessórios,492,1476
75,95,2025-05-25 11:16:52.661634,Em transporte,254,32,4,Produto_32,Acessórios,318,1272
76,94,2025-08-27 11:16:52.661640,Em transporte,154,21,3,Produto_21,Calçados,186,558
76,94,2025-08-27 11:16:52.661640,Em transporte,319,3,4,Produto_3,Acessórios,458,1832
76,94,2025-08-27 11:16:52.661640,Em transporte,395,33,4,Produto_33,Roupas,120,480
77,93,2026-02-23 11:16:52.661647,Entregue,349,5,5,Produto_5,Calçados,253,1265
78,44,2025-09-03 11:16:52.661653,Entregue,303,11,3,Produto_11,Calçados,188,564
79,65,2025-04-14 11:16:52.661658,Em transporte,31,48,5,Produto_48,Acessórios,251,1255
79,65,2025-04-14 11:16:52.661658,Em transporte,366,5,2,Produto_5,Calçados,253,506
79,65,2025-04-14 11:16:52.661658,Em transporte,438,23,4,Produto_23,Acessórios,71,284
80,92,2025-07-08 11:16:52.661664,Entregue,196,23,5,Produto_23,Acessórios,71,355
80,92,2025-07-08 11:16:52.661664,Entregue,298,39,2,Produto_39,Acessórios,492,984
81,13,2025-12-20 11:16:52.661670,Entregue,143,23,4,Produto_23,Acessórios,71,284
81,13,2025-12-20 11:16:52.661670,Entregue,171,3,3,Produto_3,Acessórios,458,1374
81,13,2025-12-20 11:16:52.661670,Entregue,328,39,1,Produto_39,Acessórios,492,492
81,13,2025-12-20 11:16:52.661670,Entregue,468,42,4,Produto_42,Acessórios,303,1212
81,13,2025-12-20 11:16:52.661670,Entregue,491,35,3,Produto_35,Roupas,104,312
82,72,2026-01-17 11:16:52.661675,Cancelado,5,30,2,Produto_30,Roupas,179,358
82,72,2026-01-17 11:16:52.661675,Cancelado,286,37,4,Produto_37,Acessórios,52,208
82,72,2026-01-17 11:16:52.661675,Cancelado,414,1,1,Produto_1,Roupas,465,465
83,52,2026-02-24 11:16:52.661681,Cancelado,115,32,5,Produto_32,Acessórios,318,1590
83,52,2026-02-24 11:16:52.661681,Cancelado,380,23,4,Produto_23,Acessórios,71,284
85,76,2025-09-06 11:16:52.661692,Em transporte,2,33,3,Produto_33,Roupas,120,360
85,76,2025-09-06 11:16:52.661692,Em transporte,368,35,5,Produto_35,Roupas,104,520
85,76,2025-09-06 11:16:52.661692,Em transporte,431,40,1,Produto_40,Calçados,208,208
86,23,2025-05-02 11:16:52.661697,Em transporte,22,34,3,Produto_34,Roupas,240,720
87,68,2026-03-18 11:16:52.661703,Em transporte,218,2,1,Produto_2,Acessórios,443,443
87,68,2026-03-18 11:16:52.661703,Em transporte,341,35,5,Produto_35,Roupas,104,520
89,87,2025-08-26 11:16:52.661714,Entregue,3,37,1,Produto_37,Acessórios,52,52
89,87,2025-08-26 11:16:52.661714,Entregue,51,22,3,Produto_22,Acessórios,435,1305
89,87,2025-08-26 11:16:52.661714,Entregue,116,41,1,Produto_41,Roupas,280,280
89,87,2025-08-26 11:16:52.661714,Entregue,163,26,1,Produto_26,Calçados,331,331
89,87,2025-08-26 11:16:52.661714,Entregue,186,30,2,Produto_30,Roupas,179,358
89,87,2025-08-26 11:16:52.661714,Entregue,243,46,2,Produto_46,Roupas,152,304
90,54,2026-02-26 11:16:52.661724,Cancelado,315,31,2,Produto_31,Calçados,108,216
90,54,2026-02-26 11:16:52.661724,Cancelado,401,0,4,Produto_0,Roupas,492,1968
91,47,2025-12-02 11:16:52.661730,Entregue,30,26,1,Produto_26,Calçados,331,331
91,47,2025-12-02 11:16:52.661730,Entregue,112,45,5,Produto_45,Acessórios,201,1005
91,47,2025-12-02 11:16:52.661730,Entregue,389,28,1,Produto_28,Acessórios,263,263
91,47,2025-12-02 11:16:52.661730,Entregue,497,42,3,Produto_42,Acessórios,303,909
92,18,2025-08-25 11:16:52.661736,Entregue,148,6,3,Produto_6,Acessórios,327,981
92,18,2025-08-25 11:16:52.661736,Entregue,301,36,2,Produto_36,Calçados,367,734
92,18,2025-08-25 11:16:52.661736,Entregue,370,7,1,Produto_7,Calçados,356,356
92,18,2025-08-25 11:16:52.661736,Entregue,388,42,5,Produto_42,Acessórios,303,1515
92,18,2025-08-25 11:16:52.661736,Entregue,492,49,5,Produto_49,Calçados,150,750
93,58,2025-05-04 11:16:52.661742,Em transporte,49,40,4,Produto_40,Calçados,208,832
93,58,2025-05-04 11:16:52.661742,Em transporte,141,16,4,Produto_16,Calçados,269,1076
93,58,2025-05-04 11:16:52.661742,Em transporte,364,7,1,Produto_7,Calçados,356,356
94,23,2025-06-14 11:16:52.661748,Entregue,185,6,3,Produto_6,Acessórios,327,981
94,23,2025-06-14 11:16:52.661748,Entregue,239,35,2,Produto_35,Roupas,104,208
95,32,2025-10-30 11:16:52.661754,Em transporte,120,11,5,Produto_11,Calçados,188,940
95,32,2025-10-30 11:16:52.661754,Em transporte,211,2,3,Produto_2,Acessórios,443,1329
96,82,2025-09-03 11:16:52.661759,Em transporte,72,44,4,Produto_44,Acessórios,394,1576
96,82,2025-09-03 11:16:52.661759,Em transporte,309,2,3,Produto_2,Acessórios,443,1329
96,82,2025-09-03 11:16:52.661759,Em transporte,324,1,4,Produto_1,Roupas,465,1860
97,51,2025-11-06 11:16:52.661764,Entregue,219,35,1,Produto_35,Roupas,104,104
98,27,2025-09-17 11:16:52.661770,Entregue,214,23,5,Produto_23,Acessórios,71,355
98,27,2025-09-17 11:16:52.661770,Entregue,451,1,2,Produto_1,Roupas,465,930
99,69,2025-10-05 11:16:52.661775,Em transporte,68,17,4,Produto_17,Acessórios,421,1684
99,69,2025-10-05 11:16:52.661775,Em transporte,193,9,5,Produto_9,Calçados,379,1895
99,69,2025-10-05 11:16:52.661775,Em transporte,281,40,4,Produto_40,Calçados,208,832
99,69,2025-10-05 11:16:52.661775,Em transporte,409,12,4,Produto_12,Calçados,92,368
99,69,2025-10-05 11:16:52.661775,Em transporte,482,40,1,Produto_40,Calçados,208,208
100,34,2025-10-05 11:16:52.661781,Entregue,44,34,4,Produto_34,Roupas,240,960
100,34,2025-10-05 11:16:52.661781,Entregue,166,9,5,Produto_9,Calçados,379,1895
100,34,2025-10-05 11:16:52.661781,Entregue,228,16,5,Produto_16,Calçados,269,1345
101,11,2025-09-25 11:16:52.661787,Em transporte,92,0,2,Produto_0,Roupas,492,984
102,2,2026-02-10 11:16:52.661792,Cancelado,167,35,2,Produto_35,Roupas,104,208
102,2,2026-02-10 11:16:52.661792,Cancelado,200,49,3,Produto_49,Calçados,150,450
102,2,2026-02-10 11:16:52.661792,Cancelado,304,0,3,Produto_0,Roupas,492,1476
102,2,2026-02-10 11:16:52.661792,Cancelado,376,12,3,Produto_12,Calçados,92,276
103,88,2025-08-05 11:16:52.661798,Entregue,383,8,3,Produto_8,Acessórios,335,1005
103,88,2025-08-05 11:16:52.661798,Entregue,391,23,5,Produto_23,Acessórios,71,355
104,71,2025-04-21 11:16:52.661803,Entregue,195,17,2,Produto_17,Acessórios,421,842
104,71,2025-04-21 11:16:52.661803,Entregue,248,8,1,Produto_8,Acessórios,335,335
104,71,2025-04-21 11:16:52.661803,Entregue,400,36,2,Produto_36,Calçados,367,734
104,71,2025-04-21 11:16:52.661803,Entregue,490,6,1,Produto_6,Acessórios,327,327
105,26,2026-01-24 11:16:52.661810,Em transporte,187,14,5,Produto_14,Acessórios,231,1155
105,26,2026-01-24 11:16:52.661810,Em transporte,188,27,5,Produto_27,Roupas,170,850
106,20,2025-03-24 11:16:52.661815,Cancelado,23,26,2,Produto_26,Calçados,331,662
106,20,2025-03-24 11:16:52.661815,Cancelado,38,17,2,Produto_17,Acessórios,421,842
106,20,2025-03-24 11:16:52.661815,Cancelado,103,34,2,Produto_34,Roupas,240,480
106,20,2025-03-24 11:16:52.661815,Cancelado,403,30,1,Produto_30,Roupas,179,179
107,52,2025-05-10 11:16:52.661821,Entregue,271,25,3,Produto_25,Calçados,498,1494
107,52,2025-05-10 11:16:52.661821,Entregue,386,12,3,Produto_12,Calçados,92,276
108,29,2026-03-22 11:16:52.661827,Em transporte,56,5,3,Produto_5,Calçados,253,759
108,29,2026-03-22 11:16:52.661827,Em transporte,111,43,1,Produto_43,Acessórios,333,333
108,29,2026-03-22 11:16:52.661827,Em transporte,206,25,2,Produto_25,Calçados,498,996
108,29,2026-03-22 11:16:52.661827,Em transporte,238,42,1,Produto_42,Acessórios,303,303
108,29,2026-03-22 11:16:52.661827,Em transporte,305,32,2,Produto_32,Acessórios,318,636
108,29,2026-03-22 11:16:52.661827,Em transporte,404,22,4,Produto_22,Acessórios,435,1740
109,44,2025-11-19 11:16:52.661833,Em transporte,71,12,5,Produto_12,Calçados,92,460
110,58,2026-03-20 11:16:52.661840,Cancelado,123,10,2,Produto_10,Roupas,224,448
111,1,2026-01-23 11:16:52.661845,Em transporte,170,36,1,Produto_36,Calçados,367,367
111,1,2026-01-23 11:16:52.661845,Em transporte,210,39,5,Produto_39,Acessórios,492,2460
111,1,2026-01-23 11:16:52.661845,Em transporte,245,38,5,Produto_38,Calçados,344,1720
111,1,2026-01-23 11:16:52.661845,Em transporte,331,33,1,Produto_33,Roupas,120,120
111,1,2026-01-23 11:16:52.661845,Em transporte,343,48,3,Produto_48,Acessórios,251,753
112,71,2025-08-15 11:16:52.661851,Entregue,151,27,2,Produto_27,Roupas,170,340
112,71,2025-08-15 11:16:52.661851,Entregue,346,10,4,Produto_10,Roupas,224,896
112,71,2025-08-15 11:16:52.661851,Entregue,425,29,2,Produto_29,Acessórios,168,336
113,74,2026-02-01 11:16:52.661857,Entregue,4,19,5,Produto_19,Calçados,168,840
113,74,2026-02-01 11:16:52.661857,Entregue,146,5,5,Produto_5,Calçados,253,1265
113,74,2026-02-01 11:16:52.661857,Entregue,176,15,4,Produto_15,Acessórios,455,1820
113,74,2026-02-01 11:16:52.661857,Entregue,494,2,1,Produto_2,Acessórios,443,443
114,80,2025-06-20 11:16:52.661863,Em transporte,147,35,5,Produto_35,Roupas,104,520
114,80,2025-06-20 11:16:52.661863,Em transporte,278,19,4,Produto_19,Calçados,168,672
114,80,2025-06-20 11:16:52.661863,Em transporte,342,14,5,Produto_14,Acessórios,231,1155
114,80,2025-06-20 11:16:52.661863,Em transporte,408,38,1,Produto_38,Calçados,344,344
114,80,2025-06-20 11:16:52.661863,Em transporte,432,2,1,Produto_2,Acessórios,443,443
115,82,2025-05-27 11:16:52.661868,Cancelado,96,25,2,Produto_25,Calçados,498,996
115,82,2025-05-27 11:16:52.661868,Cancelado,230,32,2,Produto_32,Acessórios,318,636
115,82,2025-05-27 11:16:52.661868,Cancelado,411,48,1,Produto_48,Acessórios,251,251
116,15,2025-06-22 11:16:52.661874,Entregue,374,41,5,Produto_41,Roupas,280,1400
116,15,2025-06-22 11:16:52.661874,Entregue,441,39,4,Produto_39,Acessórios,492,1968
116,15,2025-06-22 11:16:52.661874,Entregue,487,1,4,Produto_1,Roupas,465,1860
117,78,2025-08-16 11:16:52.661879,Em transporte,252,27,4,Produto_27,Roupas,170,680
117,78,2025-08-16 11:16:52.661879,Em transporte,272,21,2,Produto_21,Calçados,186,372
117,78,2025-08-16 11:16:52.661879,Em transporte,452,17,1,Produto_17,Acessórios,421,421
118,38,2025-11-25 11:16:52.661885,Entregue,101,48,5,Produto_48,Acessórios,251,1255
118,38,2025-11-25 11:16:52.661885,Entregue,232,49,3,Produto_49,Calçados,150,450
118,38,2025-11-25 11:16:52.661885,Entregue,423,4,2,Produto_4,Calçados,110,220
118,38,2025-11-25 11:16:52.661885,Entregue,424,23,3,Produto_23,Acessórios,71,213
119,46,2025-11-18 11:16:52.661891,Cancelado,0,32,4,Produto_32,Acessórios,318,1272
120,98,2025-05-21 11:16:52.661897,Cancelado,67,41,1,Produto_41,Roupas,280,280
120,98,2025-05-21 11:16:52.661897,Cancelado,169,23,4,Produto_23,Acessórios,71,284
120,98,2025-05-21 11:16:52.661897,Cancelado,296,49,3,Produto_49,Calçados,150,450
120,98,2025-05-21 11:16:52.661897,Cancelado,398,16,1,Produto_16,Calçados,269,269
121,33,2025-12-04 11:16:52.661903,Cancelado,142,13,1,Produto_13,Acessórios,185,185
121,33,2025-12-04 11:16:52.661903,Cancelado,160,48,3,Produto_48,Acessórios,251,753
122,37,2025-08-06 11:16:52.661909,Entregue,9,0,1,Produto_0,Roupas,492,492
122,37,2025-08-06 11:16:52.661909,Entregue,251,25,3,Produto_25,Calçados,498,1494
122,37,2025-08-06 11:16:52.661909,Entregue,345,19,1,Produto_19,Calçados,168,168
123,78,2025-09-09 11:16:52.661915,Cancelado,330,39,5,Produto_39,Acessórios,492,2460
124,98,2026-01-22 11:16:52.661920,Em transporte,24,30,5,Produto_30,Roupas,179,895
124,98,2026-01-22 11:16:52.661920,Em transporte,233,46,1,Produto_46,Roupas,152,152
125,80,2026-02-11 11:16:52.661926,Em transporte,50,6,3,Produto_6,Acessórios,327,981
126,25,2025-11-19 11:16:52.661931,Entregue,260,15,4,Produto_15,Acessórios,455,1820
127,93,2026-03-22 11:16:52.661937,Entregue,66,27,2,Produto_27,Roupas,170,340
127,93,2026-03-22 11:16:52.661937,Entregue,264,25,4,Produto_25,Calçados,498,1992
127,93,2026-03-22 11:16:52.661937,Entregue,317,11,2,Produto_11,Calçados,188,376
127,93,2026-03-22 11:16:52.661937,Entregue,478,21,3,Produto_21,Calçados,186,558
128,57,2026-01-07 11:16:52.661942,Em transporte,203,6,3,Produto_6,Acessórios,327,981
129,88,2025-07-31 11:16:52.661949,Cancelado,320,12,3,Produto_12,Calçados,92,276
129,88,2025-07-31 11:16:52.661949,Cancelado,390,23,3,Produto_23,Acessórios,71,213
130,30,2025-09-04 11:16:52.661955,Cancelado,6,43,5,Produto_43,Acessórios,333,1665
130,30,2025-09-04 11:16:52.661955,Cancelado,249,1,1,Produto_1,Roupas,465,465
130,30,2025-09-04 11:16:52.661955,Cancelado,325,27,3,Produto_27,Roupas,170,510
131,5,2026-03-12 11:16:52.661960,Entregue,16,15,4,Produto_15,Acessórios,455,1820
134,78,2026-03-15 11:16:52.661982,Entregue,57,32,5,Produto_32,Acessórios,318,1590
134,78,2026-03-15 11:16:52.661982,Entregue,106,9,5,Produto_9,Calçados,379,1895
134,78,2026-03-15 11:16:52.661982,Entregue,360,34,3,Produto_34,Roupas,240,720
135,1,2025-09-23 11:16:52.661987,Entregue,28,45,5,Produto_45,Acessórios,201,1005
135,1,2025-09-23 11:16:52.661987,Entregue,212,21,3,Produto_21,Calçados,186,558
135,1,2025-09-23 11:16:52.661987,Entregue,236,19,2,Produto_19,Calçados,168,336
135,1,2025-09-23 11:16:52.661987,Entregue,268,38,4,Produto_38,Calçados,344,1376
136,33,2025-10-05 11:16:52.661993,Entregue,97,20,2,Produto_20,Acessórios,107,214
136,33,2025-10-05 11:16:52.661993,Entregue,241,12,5,Produto_12,Calçados,92,460
136,33,2025-10-05 11:16:52.661993,Entregue,443,16,5,Produto_16,Calçados,269,1345
137,15,2026-02-14 11:16:52.661998,Em transporte,83,17,3,Produto_17,Acessórios,421,1263
137,15,2026-02-14 11:16:52.661998,Em transporte,153,38,4,Produto_38,Calçados,344,1376
138,58,2026-03-01 11:16:52.662004,Cancelado,14,5,5,Produto_5,Calçados,253,1265
139,94,2026-03-10 11:16:52.662015,Entregue,227,17,2,Produto_17,Acessórios,421,842
140,5,2025-06-17 11:16:52.662022,Cancelado,394,31,2,Produto_31,Calçados,108,216
141,39,2025-10-15 11:16:52.662028,Em transporte,18,22,1,Produto_22,Acessórios,435,435
141,39,2025-10-15 11:16:52.662028,Em transporte,162,20,1,Produto_20,Acessórios,107,107
141,39,2025-10-15 11:16:52.662028,Em transporte,365,47,1,Produto_47,Acessórios,318,318
142,18,2025-12-17 11:16:52.662034,Em transporte,87,0,4,Produto_0,Roupas,492,1968
142,18,2025-12-17 11:16:52.662034,Em transporte,199,33,3,Produto_33,Roupas,120,360
142,18,2025-12-17 11:16:52.662034,Em transporte,225,33,4,Produto_33,Roupas,120,480
143,17,2025-05-27 11:16:52.662040,Entregue,340,42,1,Produto_42,Acessórios,303,303
143,17,2025-05-27 11:16:52.662040,Entregue,417,43,1,Produto_43,Acessórios,333,333
144,86,2025-05-22 11:16:52.662046,Em transporte,15,28,5,Produto_28,Acessórios,263,1315
144,86,2025-05-22 11:16:52.662046,Em transporte,137,6,2,Produto_6,Acessórios,327,654
144,86,2025-05-22 11:16:52.662046,Em transporte,463,18,5,Produto_18,Roupas,396,1980
146,19,2026-02-18 11:16:52.662058,Entregue,80,23,4,Produto_23,Acessórios,71,284
146,19,2026-02-18 11:16:52.662058,Entregue,177,32,2,Produto_32,Acessórios,318,636
148,51,2025-07-05 11:16:52.662070,Entregue,259,2,5,Produto_2,Acessórios,443,2215
148,51,2025-07-05 11:16:52.662070,Entregue,496,25,2,Produto_25,Calçados,498,996
149,78,2026-02-19 11:16:52.662077,Entregue,470,20,3,Produto_20,Acessórios,107,321
150,9,2025-07-02 11:16:52.662083,Cancelado,91,15,2,Produto_15,Acessórios,455,910
150,9,2025-07-02 11:16:52.662083,Cancelado,204,41,2,Produto_41,Roupas,280,560
151,92,2025-08-18 11:16:52.662089,Em transporte,40,38,5,Produto_38,Calçados,344,1720
151,92,2025-08-18 11:16:52.662089,Em transporte,433,22,5,Produto_22,Acessórios,435,2175
152,24,2025-07-20 11:16:52.662096,Entregue,307,37,5,Produto_37,Acessórios,52,260
152,24,2025-07-20 11:16:52.662096,Entregue,444,35,2,Produto_35,Roupas,104,208
154,25,2025-07-12 11:16:52.662113,Cancelado,12,13,5,Produto_13,Acessórios,185,925
154,25,2025-07-12 11:16:52.662113,Cancelado,118,22,2,Produto_22,Acessórios,435,870
154,25,2025-07-12 11:16:52.662113,Cancelado,198,26,5,Produto_26,Calçados,331,1655
154,25,2025-07-12 11:16:52.662113,Cancelado,429,12,3,Produto_12,Calçados,92,276
155,59,2025-07-04 11:16:52.662119,Cancelado,19,39,5,Produto_39,Acessórios,492,2460
155,59,2025-07-04 11:16:52.662119,Cancelado,27,48,5,Produto_48,Acessórios,251,1255
156,90,2026-02-27 11:16:52.662125,Entregue,157,34,3,Produto_34,Roupas,240,720
156,90,2026-02-27 11:16:52.662125,Entregue,183,10,1,Produto_10,Roupas,224,224
156,90,2026-02-27 11:16:52.662125,Entregue,314,28,1,Produto_28,Acessórios,263,263
156,90,2026-02-27 11:16:52.662125,Entregue,322,5,4,Produto_5,Calçados,253,1012
157,40,2025-10-01 11:16:52.662131,Em transporte,81,16,4,Produto_16,Calçados,269,1076
157,40,2025-10-01 11:16:52.662131,Em transporte,484,31,5,Produto_31,Calçados,108,540
158,49,2025-10-15 11:16:52.662137,Em transporte,47,7,5,Produto_7,Calçados,356,1780
158,49,2025-10-15 11:16:52.662137,Em transporte,86,47,1,Produto_47,Acessórios,318,318
158,49,2025-10-15 11:16:52.662137,Em transporte,392,16,5,Produto_16,Calçados,269,1345
159,9,2025-09-26 11:16:52.662142,Em transporte,1,18,2,Produto_18,Roupas,396,792
159,9,2025-09-26 11:16:52.662142,Em transporte,74,18,1,Produto_18,Roupas,396,396
159,9,2025-09-26 11:16:52.662142,Em transporte,138,22,1,Produto_22,Acessórios,435,435
159,9,2025-09-26 11:16:52.662142,Em transporte,194,31,2,Produto_31,Calçados,108,216
159,9,2025-09-26 11:16:52.662142,Em transporte,294,46,1,Produto_46,Roupas,152,152
160,52,2026-02-09 11:16:52.662148,Entregue,33,27,1,Produto_27,Roupas,170,170
160,52,2026-02-09 11:16:52.662148,Entregue,43,47,1,Produto_47,Acessórios,318,318
160,52,2026-02-09 11:16:52.662148,Entregue,90,36,2,Produto_36,Calçados,367,734
160,52,2026-02-09 11:16:52.662148,Entregue,223,46,2,Produto_46,Roupas,152,304
160,52,2026-02-09 11:16:52.662148,Entregue,420,41,5,Produto_41,Roupas,280,1400
161,77,2025-05-29 11:16:52.662153,Em transporte,125,41,2,Produto_41,Roupas,280,560
161,77,2025-05-29 11:16:52.662153,Em transporte,231,39,3,Produto_39,Acessórios,492,1476
163,84,2025-12-16 11:16:52.662165,Em transporte,397,38,4,Produto_38,Calçados,344,1376
164,76,2025-09-04 11:16:52.662170,Em transporte,48,1,4,Produto_1,Roupas,465,1860
164,76,2025-09-04 11:16:52.662170,Em transporte,136,16,1,Produto_16,Calçados,269,269
164,76,2025-09-04 11:16:52.662170,Em transporte,406,45,3,Produto_45,Acessórios,201,603
165,26,2025-05-14 11:16:52.662176,Em transporte,119,4,5,Produto_4,Calçados,110,550
165,26,2025-05-14 11:16:52.662176,Em transporte,135,29,2,Produto_29,Acessórios,168,336
165,26,2025-05-14 11:16:52.662176,Em transporte,189,46,1,Produto_46,Roupas,152,152
165,26,2025-05-14 11:16:52.662176,Em transporte,435,7,2,Produto_7,Calçados,356,712
165,26,2025-05-14 11:16:52.662176,Em transporte,476,19,3,Produto_19,Calçados,168,504
165,26,2025-05-14 11:16:52.662176,Em transporte,488,44,1,Produto_44,Acessórios,394,394
167,55,2025-06-09 11:16:52.662187,Entregue,285,9,3,Produto_9,Calçados,379,1137
168,51,2026-02-02 11:16:52.662193,Entregue,94,28,1,Produto_28,Acessórios,263,263
168,51,2026-02-02 11:16:52.662193,Entregue,455,4,5,Produto_4,Calçados,110,550
168,51,2026-02-02 11:16:52.662193,Entregue,469,24,3,Produto_24,Calçados,212,636
170,33,2025-11-15 11:16:52.662204,Entregue,175,10,5,Produto_10,Roupas,224,1120
170,33,2025-11-15 11:16:52.662204,Entregue,184,7,1,Produto_7,Calçados,356,356
170,33,2025-11-15 11:16:52.662204,Entregue,353,15,2,Produto_15,Acessórios,455,910
170,33,2025-11-15 11:16:52.662204,Entregue,454,34,1,Produto_34,Roupas,240,240
171,96,2025-11-20 11:16:52.662210,Cancelado,85,2,5,Produto_2,Acessórios,443,2215
171,96,2025-11-20 11:16:52.662210,Cancelado,291,49,5,Produto_49,Calçados,150,750
171,96,2025-11-20 11:16:52.662210,Cancelado,449,0,5,Produto_0,Roupas,492,2460
172,12,2025-08-14 11:16:52.662215,Em transporte,205,26,4,Produto_26,Calçados,331,1324
173,36,2025-08-25 11:16:52.662222,Em transporte,122,20,5,Produto_20,Acessórios,107,535
174,19,2025-10-15 11:16:52.662228,Entregue,377,5,1,Produto_5,Calçados,253,253
174,19,2025-10-15 11:16:52.662228,Entregue,384,19,2,Produto_19,Calçados,168,336
175,69,2025-10-11 11:16:52.662234,Em transporte,418,0,3,Produto_0,Roupas,492,1476
176,16,2025-11-06 11:16:52.662239,Entregue,25,41,2,Produto_41,Roupas,280,560
177,81,2025-06-18 11:16:52.662244,Cancelado,107,20,5,Produto_20,Acessórios,107,535
177,81,2025-06-18 11:16:52.662244,Cancelado,173,9,1,Produto_9,Calçados,379,379
177,81,2025-06-18 11:16:52.662244,Cancelado,355,7,3,Produto_7,Calçados,356,1068
178,42,2025-08-11 11:16:52.662250,Em transporte,265,48,1,Produto_48,Acessórios,251,251
178,42,2025-08-11 11:16:52.662250,Em transporte,387,22,1,Produto_22,Acessórios,435,435
179,39,2026-01-21 11:16:52.662256,Cancelado,117,13,4,Produto_13,Acessórios,185,740
179,39,2026-01-21 11:16:52.662256,Cancelado,448,30,2,Produto_30,Roupas,179,358
180,18,2025-10-27 11:16:52.662262,Em transporte,140,45,1,Produto_45,Acessórios,201,201
180,18,2025-10-27 11:16:52.662262,Em transporte,256,41,1,Produto_41,Roupas,280,280
180,18,2025-10-27 11:16:52.662262,Em transporte,363,45,1,Produto_45,Acessórios,201,201
180,18,2025-10-27 11:16:52.662262,Em transporte,410,28,5,Produto_28,Acessórios,263,1315
180,18,2025-10-27 11:16:52.662262,Em transporte,428,35,3,Produto_35,Roupas,104,312
181,74,2025-11-05 11:16:52.662268,Cancelado,179,0,2,Produto_0,Roupas,492,984
181,74,2025-11-05 11:16:52.662268,Cancelado,306,18,1,Produto_18,Roupas,396,396
182,59,2025-09-12 11:16:52.662273,Cancelado,58,3,3,Produto_3,Acessórios,458,1374
182,59,2025-09-12 11:16:52.662273,Cancelado,100,25,5,Produto_25,Calçados,498,2490
182,59,2025-09-12 11:16:52.662273,Cancelado,222,20,4,Produto_20,Acessórios,107,428
182,59,2025-09-12 11:16:52.662273,Cancelado,244,2,2,Produto_2,Acessórios,443,886
182,59,2025-09-12 11:16:52.662273,Cancelado,270,2,2,Produto_2,Acessórios,443,886
182,59,2025-09-12 11:16:52.662273,Cancelado,284,18,2,Produto_18,Roupas,396,792
182,59,2025-09-12 11:16:52.662273,Cancelado,302,37,5,Produto_37,Acessórios,52,260
182,59,2025-09-12 11:16:52.662273,Cancelado,426,49,4,Produto_49,Calçados,150,600
183,83,2025-08-18 11:16:52.662279,Entregue,109,47,5,Produto_47,Acessórios,318,1590
183,83,2025-08-18 11:16:52.662279,Entregue,350,27,1,Produto_27,Roupas,170,170
183,83,2025-08-18 11:16:52.662279,Entregue,412,18,1,Produto_18,Roupas,396,396
184,38,2026-03-07 11:16:52.662285,Cancelado,89,35,5,Produto_35,Roupas,104,520
184,38,2026-03-07 11:16:52.662285,Cancelado,133,16,4,Produto_16,Calçados,269,1076
184,38,2026-03-07 11:16:52.662285,Cancelado,161,15,3,Produto_15,Acessórios,455,1365
184,38,2026-03-07 11:16:52.662285,Cancelado,337,44,1,Produto_44,Acessórios,394,394
184,38,2026-03-07 11:16:52.662285,Cancelado,447,26,4,Produto_26,Calçados,331,1324
184,38,2026-03-07 11:16:52.662285,Cancelado,471,5,1,Produto_5,Calçados,253,253
185,78,2025-10-27 11:16:52.662295,Em transporte,158,19,3,Produto_19,Calçados,168,504
185,78,2025-10-27 11:16:52.662295,Em transporte,385,40,2,Produto_40,Calçados,208,416
185,78,2025-10-27 11:16:52.662295,Em transporte,459,24,3,Produto_24,Calçados,212,636
186,67,2026-03-11 11:16:52.662301,Entregue,77,22,4,Produto_22,Acessórios,435,1740
186,67,2026-03-11 11:16:52.662301,Entregue,416,24,4,Produto_24,Calçados,212,848
186,67,2026-03-11 11:16:52.662301,Entregue,445,30,2,Produto_30,Roupas,179,358
187,86,2026-02-28 11:16:52.662306,Cancelado,190,12,3,Produto_12,Calçados,92,276
187,86,2026-02-28 11:16:52.662306,Cancelado,242,39,2,Produto_39,Acessórios,492,984
188,83,2025-11-10 11:16:52.662312,Entregue,126,6,3,Produto_6,Acessórios,327,981
188,83,2025-11-10 11:16:52.662312,Entregue,422,36,3,Produto_36,Calçados,367,1101
188,83,2025-11-10 11:16:52.662312,Entregue,475,6,3,Produto_6,Acessórios,327,981
188,83,2025-11-10 11:16:52.662312,Entregue,483,24,5,Produto_24,Calçados,212,1060
189,48,2025-10-04 11:16:52.662318,Entregue,114,32,3,Produto_32,Acessórios,318,954
189,48,2025-10-04 11:16:52.662318,Entregue,124,46,4,Produto_46,Roupas,152,608
189,48,2025-10-04 11:16:52.662318,Entregue,226,35,5,Produto_35,Roupas,104,520
189,48,2025-10-04 11:16:52.662318,Entregue,336,27,1,Produto_27,Roupas,170,170
190,8,2025-11-03 11:16:52.662323,Entregue,39,17,2,Produto_17,Acessórios,421,842
190,8,2025-11-03 11:16:52.662323,Entregue,130,21,1,Produto_21,Calçados,186,186
190,8,2025-11-03 11:16:52.662323,Entregue,382,24,3,Produto_24,Calçados,212,636
190,8,2025-11-03 11:16:52.662323,Entregue,498,5,3,Produto_5,Calçados,253,759
192,43,2026-01-21 11:16:52.662336,Cancelado,216,22,3,Produto_22,Acessórios,435,1305
192,43,2026-01-21 11:16:52.662336,Cancelado,258,27,1,Produto_27,Roupas,170,170
192,43,2026-01-21 11:16:52.662336,Cancelado,277,34,3,Produto_34,Roupas,240,720
194,99,2025-08-02 11:16:52.662347,Cancelado,275,44,3,Produto_44,Acessórios,394,1182
195,56,2025-05-11 11:16:52.662353,Em transporte,152,39,1,Produto_39,Acessórios,492,492
195,56,2025-05-11 11:16:52.662353,Em transporte,181,16,1,Produto_16,Calçados,269,269
195,56,2025-05-11 11:16:52.662353,Em transporte,399,29,5,Produto_29,Acessórios,168,840
195,56,2025-05-11 11:16:52.662353,Em transporte,479,31,1,Produto_31,Calçados,108,108
196,73,2025-08-15 11:16:52.662358,Entregue,209,43,3,Produto_43,Acessórios,333,999
196,73,2025-08-15 11:16:52.662358,Entregue,261,49,4,Produto_49,Calçados,150,600
196,73,2025-08-15 11:16:52.662358,Entregue,288,13,4,Produto_13,Acessórios,185,740
197,57,2026-01-06 11:16:52.662369,Cancelado,35,31,4,Produto_31,Calçados,108,432
197,57,2026-01-06 11:16:52.662369,Cancelado,237,45,4,Produto_45,Acessórios,201,804
197,57,2026-01-06 11:16:52.662369,Cancelado,299,37,1,Produto_37,Acessórios,52,52
197,57,2026-01-06 11:16:52.662369,Cancelado,489,23,5,Produto_23,Acessórios,71,355
198,61,2026-01-02 11:16:52.662375,Cancelado,32,9,5,Produto_9,Calçados,379,1895
199,15,2025-04-30 11:16:52.662380,Em transporte,34,22,2,Produto_22,Acessórios,435,870
